X,Y,Z,Name,
-41.3440044,-15.7221706,0,"5"
-41.343256,-15.7224198,0,"6"
-41.3447103,-15.7269443,0,"11"
-41.3456519,-15.7227144,0,"21"
