X,Y,Z,Name,
-40.9983679,-15.7181548,0,"10"
-40.9986039,-15.7181419,0,"11"
-40.9991107,-15.7204521,0,"15"
