X,Y,Z,Name,
-41.4745827,-16.222504,0,"21"
-41.4743183,-16.2220776,0,"27"
-41.4728096,-16.2213655,0,"36"
-41.47868,-16.2289635,0,"41"
